,Fund Name,P1,P2,P3,P4,P5,Topsis Score,Rank
0,M1,0.74,0.55,4.1,47.5,13.22,0.5936566078429393,2.0
1,M2,0.71,0.5,5.0,30.5,9.18,0.5436097905332083,5.0
2,M3,0.78,0.61,4.7,59.2,16.32,0.51428264389871,6.0
3,M4,0.67,0.45,6.8,63.6,17.88,0.3851847349345694,8.0
4,M5,0.63,0.4,4.2,37.2,10.61,0.5731654979298751,3.0
5,M6,0.81,0.66,4.3,43.4,12.29,0.6002508194466291,1.0
6,M7,0.65,0.42,5.6,45.1,12.94,0.4606785160963543,7.0
7,M8,0.77,0.59,3.7,65.2,17.57,0.544286984743714,4.0
